{
    "New York": [
        0.8322266513742896,
        0.04778229794500947
    ],
    "Richmond": [
        0.8031967091398784,
        0.0
    ],
    "Bronx": [
        0.846323449171487,
        0.06447196491220707
    ],
    "Westchester": [
        0.8578666487871213,
        0.14304909716843067
    ],
    "Putnam": [
        0.8625284020218816,
        0.20353548005271466
    ],
    "Rockland": [
        0.8205458096849443,
        0.13716603257193846
    ],
    "Orange": [
        0.7877906989587463,
        0.19396472660977448
    ],
    "Nassau": [
        0.8927813666618052,
        0.0366379417468027
    ],
    "Queens": [
        0.8521447981743482,
        0.03137990752233615
    ],
    "Kings": [
        0.8336485639164708,
        0.016683779559431216
    ],
    "Suffolk": [
        1.0,
        0.07233213685443317
    ],
    "Saratoga": [
        0.845608724401539,
        0.6031860141443521
    ],
    "Albany": [
        0.8283653532742058,
        0.48625015219190315
    ],
    "Montgomery": [
        0.7635299414513433,
        0.5575353921276578
    ],
    "Schoharie": [
        0.7591037484841576,
        0.4807082918299237
    ],
    "Rensselaer": [
        0.9005213389616106,
        0.5129001549208612
    ],
    "Columbia": [
        0.8759061289134407,
        0.4000655239529899
    ],
    "Schenectady": [
        0.8192328069940463,
        0.5425875533540298
    ],
    "Ulster": [
        0.7860961184308409,
        0.3101689092462355
    ],
    "Greene": [
        0.8126108321190052,
        0.40522284489870347
    ],
    "Dutchess": [
        0.8638287672164693,
        0.274096134516264
    ],
    "Sullivan": [
        0.7070914868577183,
        0.27317943617261
    ],
    "Washington": [
        0.9102165894544827,
        0.6384454338399408
    ],
    "Warren": [
        0.8539500441907825,
        0.7041757115185638
    ],
    "Clinton": [
        0.8764618025132005,
        1.0
    ],
    "Essex": [
        0.8634351308050378,
        0.8397837526173014
    ],
    "Onondaga": [
        0.4869061047967738,
        0.5868448141564927
    ],
    "Madison": [
        0.5700049481062793,
        0.5531331312279533
    ],
    "Cayuga": [
        0.43444283255325883,
        0.5370776152890768
    ],
    "Oswego": [
        0.5017948482747041,
        0.6823219916926743
    ],
    "Tompkins": [
        0.4492638017941989,
        0.44924861475810063
    ],
    "Seneca": [
        0.39353325669321726,
        0.5307609575878386
    ],
    "Otsego": [
        0.6714667974664477,
        0.48618683842969734
    ],
    "Herkimer": [
        0.6815438317069192,
        0.7015852279727338
    ],
    "Oneida": [
        0.6121051529943523,
        0.6348144233576046
    ],
    "Broome": [
        0.5456059349121483,
        0.37691633313134365
    ],
    "Chenango": [
        0.5802473254837301,
        0.4572394437210381
    ],
    "Erie": [
        0.10050316995533067,
        0.5146585112878738
    ],
    "Niagara": [
        0.09965474469979124,
        0.6323626558250856
    ],
    "Chautauqua": [
        0.0,
        0.4116387198980342
    ],
    "Genesee": [
        0.189476318385281,
        0.5855598632828094
    ],
    "Monroe": [
        0.2651940447890229,
        0.6192969778826016
    ],
    "Orleans": [
        0.18197106843979494,
        0.6372384428617174
    ],
    "Ontario": [
        0.3239986597653699,
        0.548833489775913
    ],
    "Livingston": [
        0.25039687761224244,
        0.5194031587293867
    ],
    "Wayne": [
        0.3631923873356689,
        0.6192877365827064
    ],
    "Allegany": [
        0.2102095677414234,
        0.4008143346604282
    ],
    "Steuben": [
        0.3118015069428046,
        0.39871474993018224
    ],
    "Chemung": [
        0.40359671673899217,
        0.3752042556499691
    ],
    "Yates": [
        0.35185516203238876,
        0.49729019993202345
    ],
    "Delaware": [
        0.6733924592347208,
        0.38882499067545473
    ],
    "Franklin": [
        0.7761140273793187,
        0.9594684790359773
    ],
    "Saint Lawrence": [
        0.6636309069513638,
        0.9443748062765351
    ],
    "Jefferson": [
        0.5213578222774716,
        0.8386794052154611
    ],
    "Tioga": [
        0.4708758797117927,
        0.3739671279000239
    ],
    "Wyoming": [
        0.1798017414975764,
        0.5116556920399303
    ],
    "Schuyler": [
        0.38887866380807207,
        0.43597398209735844
    ],
    "Fulton": [
        0.7580145526640889,
        0.6086940219116765
    ],
    "Lewis": [
        0.6065637279571097,
        0.7602892222845321
    ],
    "Cattaraugus": [
        0.11792005006516479,
        0.39571743203048015
    ]
}